Id,Time,Machine,Component,Parameter,Value
1,01-05-2022 00:00,Excavator_1,Fuel,Temparature,499.91
2,01-05-2022 00:10,Backhoe_Loader_1,Drive,Pedal Sensor,0.9
3,01-05-2022 00:20,Backhoe_Loader_1,Engine,Oil Pressure,89.4
4,01-05-2022 00:30,Excavator_1,Fuel,Fuel Level,4.68
5,01-05-2022 00:40,Articulated_Truck_1,Engine,Temparature,397.59
6,01-05-2022 00:50,Articulated_Truck_1,Fuel,Fuel Pressure,133.22
7,01-05-2022 01:00,Excavator_1,Drive,Transmission Pressure,864.65
8,01-05-2022 01:10,Articulated_Truck_1,Drive,Brake Control,2.02
9,01-05-2022 01:20,Excavator_1,Drive,Transmission Pressure,823.55
10,01-05-2022 01:30,Excavator_1,Engine,Oil Pressure,142.34
11,01-05-2022 01:40,Articulated_Truck_1,Fuel,Water in Fuel,293.2
12,01-05-2022 01:50,Excavator_1,Drive,Transmission Pressure,800.16
13,01-05-2022 02:00,Articulated_Truck_1,Engine,Oil Pressure,144.49
14,01-05-2022 02:10,Dozer_1,Misc,Exhaust Gas Temparature,933.26
15,01-05-2022 02:20,Excavator_1,Engine,Oil Pressure,99.3
16,01-05-2022 02:30,Dozer_1,Fuel,Temparature,703.88
17,01-05-2022 02:40,Backhoe_Loader_1,Engine,Speed,3921.2
18,01-05-2022 02:50,Backhoe_Loader_1,Drive,Brake Control,1.53
19,01-05-2022 03:00,Dozer_1,Misc,Exhaust Gas Temparature,1612.52
20,01-05-2022 03:10,Dozer_1,Fuel,Water in Fuel,705.67
21,01-05-2022 03:20,Backhoe_Loader_1,Misc,Exhaust Gas Temparature,1844.19
22,01-05-2022 03:30,Backhoe_Loader_1,Misc,System Voltage,74.68
23,01-05-2022 03:40,Articulated_Truck_1,Misc,System Voltage,22.39
24,01-05-2022 03:50,Articulated_Truck_1,Fuel,Water in Fuel,1790.53
25,01-05-2022 04:00,Excavator_1,Engine,Oil Pressure,43.76
26,01-05-2022 04:10,Backhoe_Loader_1,Fuel,Fuel Pressure,167.96
27,01-05-2022 04:20,Articulated_Truck_1,Fuel,Temparature,542.03
28,01-05-2022 04:30,Excavator_1,Misc,Exhaust Gas Temparature,1175.97
29,01-05-2022 04:40,Articulated_Truck_1,Engine,Oil Pressure,23.33
30,01-05-2022 04:50,Dozer_1,Drive,Brake Control,1.43
31,01-05-2022 05:00,Articulated_Truck_1,Misc,System Voltage,46.96
32,01-05-2022 05:10,Dozer_1,Engine,Speed,1731.71
33,01-05-2022 05:20,Dozer_1,Misc,System Voltage,51.01
34,01-05-2022 05:30,Dozer_1,Engine,Speed,5846.57
35,01-05-2022 05:40,Excavator_1,Engine,Oil Pressure,30.08
36,01-05-2022 05:50,Excavator_1,Drive,Brake Control,2.38
37,01-05-2022 06:00,Excavator_1,Misc,Air Filter Pressure,14.61
38,01-05-2022 06:10,Excavator_1,Fuel,Fuel Pressure,40.57
39,01-05-2022 06:20,Articulated_Truck_1,Engine,Speed,2735.27
40,01-05-2022 06:30,Dozer_1,Drive,Pedal Sensor,22.36
41,01-05-2022 06:40,Dozer_1,Misc,Hydraulic Pump Rate,371.61
42,01-05-2022 06:50,Excavator_1,Engine,Speed,5346.65
43,01-05-2022 07:00,Backhoe_Loader_1,Drive,Brake Control,2.97
44,01-05-2022 07:10,Dozer_1,Misc,Air Filter Pressure,35.2
45,01-05-2022 07:20,Excavator_1,Drive,Brake Control,0.93
46,01-05-2022 07:30,Articulated_Truck_1,Drive,Transmission Pressure,1917.46
47,01-05-2022 07:40,Excavator_1,Drive,Pedal Sensor,23.87
48,01-05-2022 07:50,Dozer_1,Drive,Pedal Sensor,27.62
49,01-05-2022 08:00,Dozer_1,Misc,Exhaust Gas Temparature,964.6
50,01-05-2022 08:10,Backhoe_Loader_1,Misc,Exhaust Gas Temparature,1391.73
51,01-05-2022 08:20,Dozer_1,Drive,Transmission Pressure,705.78
52,01-05-2022 08:30,Articulated_Truck_1,Fuel,Temparature,270.17
53,01-05-2022 08:40,Excavator_1,Misc,Hydraulic Pump Rate,140.87
54,01-05-2022 08:50,Backhoe_Loader_1,Fuel,Fuel Level,1.8
55,01-05-2022 09:00,Articulated_Truck_1,Fuel,Fuel Pressure,191.1
56,01-05-2022 09:10,Backhoe_Loader_1,Fuel,Fuel Level,0.57
57,01-05-2022 09:20,Dozer_1,Fuel,Fuel Level,2.83
58,01-05-2022 09:30,Articulated_Truck_1,Misc,System Voltage,24.69
59,01-05-2022 09:40,Backhoe_Loader_1,Engine,Temparature,718.87
60,01-05-2022 09:50,Excavator_1,Misc,System Voltage,27.37
61,01-05-2022 10:00,Articulated_Truck_1,Drive,Pedal Sensor,7.23
62,01-05-2022 10:10,Dozer_1,Drive,Transmission Pressure,914.22
63,01-05-2022 10:20,Excavator_1,Engine,Temparature,305.99
64,01-05-2022 10:30,Backhoe_Loader_1,Misc,Exhaust Gas Temparature,832.37
65,01-05-2022 10:40,Dozer_1,Misc,Hydraulic Pump Rate,322.55
66,01-05-2022 10:50,Backhoe_Loader_1,Engine,Speed,6347.24
67,01-05-2022 11:00,Backhoe_Loader_1,Misc,System Voltage,13.91
68,01-05-2022 11:10,Excavator_1,Fuel,Fuel Level,4.82
69,01-05-2022 11:20,Excavator_1,Drive,Transmission Pressure,1711.49
70,01-05-2022 11:30,Dozer_1,Misc,System Voltage,42.29
71,01-05-2022 11:40,Excavator_1,Drive,Pedal Sensor,20.17
72,01-05-2022 11:50,Excavator_1,Fuel,Fuel Pressure,41.06
73,01-05-2022 12:00,Dozer_1,Fuel,Temparature,136.81
74,01-05-2022 12:10,Excavator_1,Drive,Transmission Pressure,1088.21
75,01-05-2022 12:20,Backhoe_Loader_1,Drive,Transmission Pressure,1459.43
76,01-05-2022 12:30,Backhoe_Loader_1,Drive,Transmission Pressure,76.71
77,01-05-2022 12:40,Backhoe_Loader_1,Drive,Brake Control,1.85
78,01-05-2022 12:50,Articulated_Truck_1,Fuel,Water in Fuel,3666.62
79,01-05-2022 13:00,Articulated_Truck_1,Engine,Speed,904.12
80,01-05-2022 13:10,Excavator_1,Engine,Speed,5047.49
81,01-05-2022 13:20,Backhoe_Loader_1,Drive,Brake Control,1.15
82,01-05-2022 13:30,Backhoe_Loader_1,Fuel,Fuel Pressure,197.68
83,01-05-2022 13:40,Backhoe_Loader_1,Engine,Speed,4640.28
84,01-05-2022 13:50,Backhoe_Loader_1,Fuel,Temparature,334.55
85,01-05-2022 14:00,Dozer_1,Drive,Brake Control,0.86
86,01-05-2022 14:10,Backhoe_Loader_1,Drive,Pedal Sensor,26.83
87,01-05-2022 14:20,Excavator_1,Engine,Oil Pressure,74.16
88,01-05-2022 14:30,Backhoe_Loader_1,Drive,Transmission Pressure,512.43
89,01-05-2022 14:40,Backhoe_Loader_1,Drive,Transmission Pressure,991.98
90,01-05-2022 14:50,Articulated_Truck_1,Misc,Air Filter Pressure,7.86
91,01-05-2022 15:00,Dozer_1,Drive,Pedal Sensor,8.73
92,01-05-2022 15:10,Backhoe_Loader_1,Fuel,Fuel Level,4.61
93,01-05-2022 15:20,Articulated_Truck_1,Misc,System Voltage,81.32
94,01-05-2022 15:30,Dozer_1,Engine,Temparature,640.87
95,01-05-2022 15:40,Excavator_1,Drive,Pedal Sensor,21.59
96,01-05-2022 15:50,Backhoe_Loader_1,Engine,Oil Pressure,139.53
97,01-05-2022 16:00,Backhoe_Loader_1,Engine,Oil Pressure,88.22
98,01-05-2022 16:10,Backhoe_Loader_1,Misc,System Voltage,53.26
99,01-05-2022 16:20,Excavator_1,Misc,Hydraulic Pump Rate,207.0
100,01-05-2022 16:30,Excavator_1,Misc,System Voltage,79.02
101,01-05-2022 16:40,Articulated_Truck_1,Fuel,Temparature,175.61
102,01-05-2022 16:50,Excavator_1,Fuel,Fuel Pressure,27.55
103,01-05-2022 17:00,Dozer_1,Fuel,Temparature,119.12
104,01-05-2022 17:10,Excavator_1,Drive,Brake Control,1.99
105,01-05-2022 17:20,Backhoe_Loader_1,Drive,Transmission Pressure,1229.99
106,01-05-2022 17:30,Backhoe_Loader_1,Engine,Oil Pressure,82.58
107,01-05-2022 17:40,Backhoe_Loader_1,Misc,System Voltage,44.61
108,01-05-2022 17:50,Articulated_Truck_1,Fuel,Fuel Level,3.95
109,01-05-2022 18:00,Backhoe_Loader_1,Fuel,Fuel Pressure,177.32
110,01-05-2022 18:10,Excavator_1,Engine,Oil Pressure,135.64
111,01-05-2022 18:20,Articulated_Truck_1,Misc,System Voltage,60.25
112,01-05-2022 18:30,Backhoe_Loader_1,Engine,Oil Pressure,100.27
113,01-05-2022 18:40,Backhoe_Loader_1,Misc,Hydraulic Pump Rate,55.75
114,01-05-2022 18:50,Excavator_1,Misc,Air Filter Pressure,6.08
115,01-05-2022 19:00,Dozer_1,Fuel,Fuel Pressure,135.27
116,01-05-2022 19:10,Excavator_1,Drive,Brake Control,2.5
117,01-05-2022 19:20,Dozer_1,Misc,Exhaust Gas Temparature,442.0
118,01-05-2022 19:30,Dozer_1,Drive,Brake Control,0.32
119,01-05-2022 19:40,Backhoe_Loader_1,Drive,Brake Control,2.76
120,01-05-2022 19:50,Backhoe_Loader_1,Drive,Transmission Pressure,470.77
121,01-05-2022 20:00,Articulated_Truck_1,Engine,Temparature,681.61
122,01-05-2022 20:10,Dozer_1,Fuel,Fuel Pressure,171.24
123,01-05-2022 20:20,Dozer_1,Fuel,Fuel Level,4.44
124,01-05-2022 20:30,Dozer_1,Fuel,Fuel Pressure,11.81
125,01-05-2022 20:40,Backhoe_Loader_1,Fuel,Water in Fuel,4308.0
126,01-05-2022 20:50,Backhoe_Loader_1,Drive,Transmission Pressure,218.66
127,01-05-2022 21:00,Dozer_1,Misc,System Voltage,26.72
128,01-05-2022 21:10,Dozer_1,Engine,Temparature,349.85
129,01-05-2022 21:20,Backhoe_Loader_1,Fuel,Water in Fuel,2163.9
130,01-05-2022 21:30,Dozer_1,Drive,Transmission Pressure,930.35
131,01-05-2022 21:40,Excavator_1,Misc,Exhaust Gas Temparature,212.11
132,01-05-2022 21:50,Excavator_1,Drive,Transmission Pressure,754.78
133,01-05-2022 22:00,Backhoe_Loader_1,Drive,Pedal Sensor,25.05
134,01-05-2022 22:10,Excavator_1,Fuel,Fuel Pressure,19.29
135,01-05-2022 22:20,Excavator_1,Fuel,Water in Fuel,6036.36
136,01-05-2022 22:30,Backhoe_Loader_1,Drive,Pedal Sensor,6.1
137,01-05-2022 22:40,Excavator_1,Engine,Oil Pressure,31.03
138,01-05-2022 22:50,Backhoe_Loader_1,Misc,Hydraulic Pump Rate,293.39
139,01-05-2022 23:00,Backhoe_Loader_1,Misc,Exhaust Gas Temparature,1166.93
140,01-05-2022 23:10,Excavator_1,Drive,Brake Control,3.94
141,01-05-2022 23:20,Backhoe_Loader_1,Fuel,Fuel Level,2.33
142,01-05-2022 23:30,Excavator_1,Misc,System Voltage,92.1
143,01-05-2022 23:40,Articulated_Truck_1,Drive,Pedal Sensor,5.2
144,01-05-2022 23:50,Dozer_1,Fuel,Fuel Level,4.14
145,02-05-2022 00:00,Backhoe_Loader_1,Engine,Oil Pressure,136.56
146,02-05-2022 00:10,Excavator_1,Fuel,Fuel Level,2.37
147,02-05-2022 00:20,Articulated_Truck_1,Misc,Air Filter Pressure,23.43
148,02-05-2022 00:30,Backhoe_Loader_1,Drive,Brake Control,2.17
149,02-05-2022 00:40,Backhoe_Loader_1,Engine,Speed,2808.3
150,02-05-2022 00:50,Excavator_1,Drive,Transmission Pressure,687.65
151,02-05-2022 01:00,Backhoe_Loader_1,Drive,Brake Control,0.6
152,02-05-2022 01:10,Articulated_Truck_1,Fuel,Temparature,660.88
153,02-05-2022 01:20,Excavator_1,Fuel,Fuel Pressure,81.12
154,02-05-2022 01:30,Backhoe_Loader_1,Engine,Oil Pressure,38.5
155,02-05-2022 01:40,Dozer_1,Drive,Transmission Pressure,201.74
156,02-05-2022 01:50,Backhoe_Loader_1,Drive,Transmission Pressure,400.19
157,02-05-2022 02:00,Articulated_Truck_1,Misc,System Voltage,29.07
158,02-05-2022 02:10,Articulated_Truck_1,Misc,Air Filter Pressure,15.52
159,02-05-2022 02:20,Dozer_1,Engine,Speed,4396.42
160,02-05-2022 02:30,Dozer_1,Fuel,Fuel Level,1.89
161,02-05-2022 02:40,Dozer_1,Fuel,Fuel Pressure,55.46
162,02-05-2022 02:50,Backhoe_Loader_1,Engine,Speed,4133.8
163,02-05-2022 03:00,Articulated_Truck_1,Misc,Hydraulic Pump Rate,223.97
164,02-05-2022 03:10,Backhoe_Loader_1,Misc,Air Filter Pressure,14.9
165,02-05-2022 03:20,Backhoe_Loader_1,Engine,Oil Pressure,72.84
166,02-05-2022 03:30,Articulated_Truck_1,Engine,Speed,4282.28
167,02-05-2022 03:40,Dozer_1,Drive,Transmission Pressure,763.31
168,02-05-2022 03:50,Backhoe_Loader_1,Fuel,Fuel Pressure,124.99
169,02-05-2022 04:00,Articulated_Truck_1,Fuel,Fuel Pressure,20.71
170,02-05-2022 04:10,Dozer_1,Misc,Exhaust Gas Temparature,546.97
171,02-05-2022 04:20,Excavator_1,Engine,Temparature,111.41
172,02-05-2022 04:30,Dozer_1,Drive,Transmission Pressure,1104.24
173,02-05-2022 04:40,Articulated_Truck_1,Engine,Speed,926.38
174,02-05-2022 04:50,Backhoe_Loader_1,Engine,Speed,6332.17
175,02-05-2022 05:00,Excavator_1,Fuel,Water in Fuel,5411.14
176,02-05-2022 05:10,Excavator_1,Fuel,Temparature,477.28
177,02-05-2022 05:20,Articulated_Truck_1,Drive,Pedal Sensor,12.06
178,02-05-2022 05:30,Excavator_1,Drive,Brake Control,0.98
179,02-05-2022 05:40,Backhoe_Loader_1,Fuel,Water in Fuel,470.23
180,02-05-2022 05:50,Backhoe_Loader_1,Engine,Speed,5706.11
181,02-05-2022 06:00,Backhoe_Loader_1,Drive,Transmission Pressure,1062.3
182,02-05-2022 06:10,Excavator_1,Engine,Temparature,732.37
183,02-05-2022 06:20,Articulated_Truck_1,Misc,Hydraulic Pump Rate,110.25
184,02-05-2022 06:30,Backhoe_Loader_1,Drive,Brake Control,1.63
185,02-05-2022 06:40,Dozer_1,Fuel,Fuel Level,0.12
186,02-05-2022 06:50,Excavator_1,Engine,Speed,162.02
187,02-05-2022 07:00,Dozer_1,Misc,Hydraulic Pump Rate,361.38
188,02-05-2022 07:10,Dozer_1,Engine,Speed,3636.59
189,02-05-2022 07:20,Backhoe_Loader_1,Fuel,Temparature,629.93
190,02-05-2022 07:30,Backhoe_Loader_1,Fuel,Fuel Level,2.11
191,02-05-2022 07:40,Dozer_1,Engine,Oil Pressure,134.05
192,02-05-2022 07:50,Dozer_1,Fuel,Fuel Level,1.91
193,02-05-2022 08:00,Backhoe_Loader_1,Fuel,Water in Fuel,3778.31
194,02-05-2022 08:10,Dozer_1,Misc,Exhaust Gas Temparature,317.02
195,02-05-2022 08:20,Dozer_1,Fuel,Water in Fuel,2083.25
196,02-05-2022 08:30,Excavator_1,Drive,Brake Control,1.52
197,02-05-2022 08:40,Articulated_Truck_1,Engine,Speed,4397.29
198,02-05-2022 08:50,Backhoe_Loader_1,Misc,Exhaust Gas Temparature,843.07
199,02-05-2022 09:00,Articulated_Truck_1,Engine,Speed,5607.88
200,02-05-2022 09:10,Backhoe_Loader_1,Misc,Hydraulic Pump Rate,120.2
201,02-05-2022 09:20,Backhoe_Loader_1,Misc,Air Filter Pressure,24.94
202,02-05-2022 09:30,Dozer_1,Engine,Oil Pressure,70.1
203,02-05-2022 09:40,Excavator_1,Engine,Temparature,88.31
204,02-05-2022 09:50,Excavator_1,Engine,Temparature,734.66
205,02-05-2022 10:00,Excavator_1,Drive,Pedal Sensor,7.76
206,02-05-2022 10:10,Backhoe_Loader_1,Fuel,Temparature,282.07
207,02-05-2022 10:20,Articulated_Truck_1,Engine,Speed,4375.82
208,02-05-2022 10:30,Excavator_1,Misc,Exhaust Gas Temparature,144.9
209,02-05-2022 10:40,Backhoe_Loader_1,Fuel,Fuel Level,0.85
210,02-05-2022 10:50,Excavator_1,Engine,Speed,4572.62
211,02-05-2022 11:00,Dozer_1,Drive,Brake Control,2.73
212,02-05-2022 11:10,Excavator_1,Fuel,Temparature,653.81
213,02-05-2022 11:20,Backhoe_Loader_1,Drive,Pedal Sensor,21.74
214,02-05-2022 11:30,Dozer_1,Misc,Exhaust Gas Temparature,1211.42
215,02-05-2022 11:40,Backhoe_Loader_1,Drive,Brake Control,3.93
216,02-05-2022 11:50,Excavator_1,Fuel,Fuel Pressure,112.29
217,02-05-2022 12:00,Dozer_1,Drive,Pedal Sensor,13.86
218,02-05-2022 12:10,Excavator_1,Misc,System Voltage,66.01
219,02-05-2022 12:20,Dozer_1,Drive,Pedal Sensor,17.4
220,02-05-2022 12:30,Backhoe_Loader_1,Misc,Exhaust Gas Temparature,477.05
221,02-05-2022 12:40,Backhoe_Loader_1,Fuel,Temparature,482.32
222,02-05-2022 12:50,Backhoe_Loader_1,Fuel,Temparature,507.8
223,02-05-2022 13:00,Articulated_Truck_1,Fuel,Water in Fuel,1062.29
224,02-05-2022 13:10,Articulated_Truck_1,Misc,Air Filter Pressure,29.51
225,02-05-2022 13:20,Dozer_1,Fuel,Water in Fuel,2696.86
226,02-05-2022 13:30,Backhoe_Loader_1,Misc,Hydraulic Pump Rate,112.03
227,02-05-2022 13:40,Backhoe_Loader_1,Fuel,Fuel Level,2.33
228,02-05-2022 13:50,Dozer_1,Engine,Speed,4997.48
229,02-05-2022 14:00,Backhoe_Loader_1,Misc,Exhaust Gas Temparature,1729.11
230,02-05-2022 14:10,Backhoe_Loader_1,Drive,Transmission Pressure,1083.41
231,02-05-2022 14:20,Excavator_1,Misc,Hydraulic Pump Rate,88.76
232,02-05-2022 14:30,Excavator_1,Engine,Speed,354.45
233,02-05-2022 14:40,Dozer_1,Drive,Pedal Sensor,2.4
234,02-05-2022 14:50,Excavator_1,Drive,Brake Control,1.03
235,02-05-2022 15:00,Dozer_1,Engine,Temparature,400.53
236,02-05-2022 15:10,Excavator_1,Fuel,Water in Fuel,2879.54
237,02-05-2022 15:20,Excavator_1,Drive,Brake Control,2.0
238,02-05-2022 15:30,Dozer_1,Drive,Pedal Sensor,14.04
239,02-05-2022 15:40,Backhoe_Loader_1,Fuel,Fuel Pressure,182.48
240,02-05-2022 15:50,Backhoe_Loader_1,Engine,Oil Pressure,84.46
241,02-05-2022 16:00,Backhoe_Loader_1,Drive,Brake Control,1.03
242,02-05-2022 16:10,Dozer_1,Fuel,Fuel Pressure,9.97
243,02-05-2022 16:20,Dozer_1,Misc,System Voltage,87.65
244,02-05-2022 16:30,Articulated_Truck_1,Engine,Oil Pressure,136.61
245,02-05-2022 16:40,Dozer_1,Drive,Pedal Sensor,29.72
246,02-05-2022 16:50,Articulated_Truck_1,Misc,Exhaust Gas Temparature,1138.29
247,02-05-2022 17:00,Excavator_1,Misc,Hydraulic Pump Rate,77.52
248,02-05-2022 17:10,Excavator_1,Engine,Oil Pressure,50.74
249,02-05-2022 17:20,Articulated_Truck_1,Drive,Pedal Sensor,11.29
250,02-05-2022 17:30,Backhoe_Loader_1,Drive,Pedal Sensor,9.78
251,02-05-2022 17:40,Excavator_1,Engine,Temparature,443.66
252,02-05-2022 17:50,Dozer_1,Drive,Pedal Sensor,23.81
253,02-05-2022 18:00,Articulated_Truck_1,Misc,System Voltage,25.98
254,02-05-2022 18:10,Excavator_1,Fuel,Water in Fuel,6487.19
255,02-05-2022 18:20,Excavator_1,Drive,Pedal Sensor,21.35
256,02-05-2022 18:30,Dozer_1,Misc,Exhaust Gas Temparature,1951.27
257,02-05-2022 18:40,Articulated_Truck_1,Misc,Air Filter Pressure,2.28
258,02-05-2022 18:50,Articulated_Truck_1,Misc,System Voltage,89.41
259,02-05-2022 19:00,Backhoe_Loader_1,Fuel,Water in Fuel,2175.53
260,02-05-2022 19:10,Dozer_1,Misc,Air Filter Pressure,36.44
261,02-05-2022 19:20,Backhoe_Loader_1,Drive,Pedal Sensor,26.54
262,02-05-2022 19:30,Backhoe_Loader_1,Drive,Transmission Pressure,949.84
263,02-05-2022 19:40,Backhoe_Loader_1,Misc,Exhaust Gas Temparature,968.39
264,02-05-2022 19:50,Backhoe_Loader_1,Misc,Air Filter Pressure,37.14
265,02-05-2022 20:00,Articulated_Truck_1,Fuel,Fuel Level,1.93
266,02-05-2022 20:10,Dozer_1,Misc,Hydraulic Pump Rate,433.24
267,02-05-2022 20:20,Dozer_1,Drive,Brake Control,0.42
268,02-05-2022 20:30,Dozer_1,Fuel,Fuel Level,3.2
269,02-05-2022 20:40,Backhoe_Loader_1,Engine,Temparature,183.25
270,02-05-2022 20:50,Backhoe_Loader_1,Drive,Pedal Sensor,18.6
271,02-05-2022 21:00,Articulated_Truck_1,Drive,Pedal Sensor,16.69
272,02-05-2022 21:10,Backhoe_Loader_1,Misc,System Voltage,42.28
273,02-05-2022 21:20,Dozer_1,Engine,Temparature,734.04
274,02-05-2022 21:30,Backhoe_Loader_1,Engine,Oil Pressure,68.7
275,02-05-2022 21:40,Articulated_Truck_1,Fuel,Water in Fuel,1199.44
276,02-05-2022 21:50,Dozer_1,Drive,Brake Control,1.01
277,02-05-2022 22:00,Articulated_Truck_1,Misc,Hydraulic Pump Rate,176.8
278,02-05-2022 22:10,Articulated_Truck_1,Fuel,Temparature,491.44
279,02-05-2022 22:20,Dozer_1,Engine,Speed,1824.74
280,02-05-2022 22:30,Dozer_1,Fuel,Temparature,784.17
281,02-05-2022 22:40,Articulated_Truck_1,Fuel,Fuel Pressure,14.43
282,02-05-2022 22:50,Articulated_Truck_1,Drive,Brake Control,1.76
283,02-05-2022 23:00,Articulated_Truck_1,Fuel,Fuel Pressure,167.02
284,02-05-2022 23:10,Backhoe_Loader_1,Engine,Oil Pressure,136.29
285,02-05-2022 23:20,Articulated_Truck_1,Fuel,Fuel Pressure,88.67
286,02-05-2022 23:30,Backhoe_Loader_1,Fuel,Fuel Level,1.45
287,02-05-2022 23:40,Articulated_Truck_1,Engine,Oil Pressure,51.02
288,02-05-2022 23:50,Excavator_1,Drive,Transmission Pressure,1590.46
289,03-05-2022 00:00,Articulated_Truck_1,Engine,Oil Pressure,58.09
290,03-05-2022 00:10,Backhoe_Loader_1,Engine,Temparature,652.0
291,03-05-2022 00:20,Articulated_Truck_1,Engine,Oil Pressure,15.41
292,03-05-2022 00:30,Backhoe_Loader_1,Engine,Speed,222.92
293,03-05-2022 00:40,Backhoe_Loader_1,Drive,Pedal Sensor,25.12
294,03-05-2022 00:50,Dozer_1,Fuel,Water in Fuel,6817.86
295,03-05-2022 01:00,Backhoe_Loader_1,Drive,Transmission Pressure,1682.25
296,03-05-2022 01:10,Dozer_1,Fuel,Fuel Level,2.82
297,03-05-2022 01:20,Backhoe_Loader_1,Drive,Transmission Pressure,225.84
298,03-05-2022 01:30,Backhoe_Loader_1,Fuel,Fuel Level,0.33
299,03-05-2022 01:40,Excavator_1,Engine,Speed,6121.54
300,03-05-2022 01:50,Excavator_1,Fuel,Fuel Level,2.17
301,03-05-2022 02:00,Articulated_Truck_1,Fuel,Fuel Level,2.35
302,03-05-2022 02:10,Dozer_1,Fuel,Fuel Level,1.4
303,03-05-2022 02:20,Backhoe_Loader_1,Engine,Oil Pressure,145.59
304,03-05-2022 02:30,Backhoe_Loader_1,Drive,Transmission Pressure,1217.37
305,03-05-2022 02:40,Excavator_1,Drive,Brake Control,2.63
306,03-05-2022 02:50,Articulated_Truck_1,Engine,Temparature,506.48
307,03-05-2022 03:00,Backhoe_Loader_1,Misc,Exhaust Gas Temparature,1556.16
308,03-05-2022 03:10,Dozer_1,Fuel,Fuel Level,4.94
309,03-05-2022 03:20,Excavator_1,Drive,Pedal Sensor,5.35
310,03-05-2022 03:30,Articulated_Truck_1,Misc,Exhaust Gas Temparature,1392.62
311,03-05-2022 03:40,Articulated_Truck_1,Fuel,Temparature,267.68
312,03-05-2022 03:50,Excavator_1,Misc,Hydraulic Pump Rate,196.96
313,03-05-2022 04:00,Excavator_1,Engine,Speed,1015.63
314,03-05-2022 04:10,Dozer_1,Fuel,Fuel Pressure,92.78
315,03-05-2022 04:20,Backhoe_Loader_1,Drive,Pedal Sensor,8.46
316,03-05-2022 04:30,Articulated_Truck_1,Drive,Brake Control,2.12
317,03-05-2022 04:40,Dozer_1,Fuel,Fuel Pressure,184.01
318,03-05-2022 04:50,Dozer_1,Fuel,Water in Fuel,4058.23
319,03-05-2022 05:00,Articulated_Truck_1,Engine,Oil Pressure,45.64
320,03-05-2022 05:10,Dozer_1,Engine,Speed,179.7
321,03-05-2022 05:20,Articulated_Truck_1,Drive,Pedal Sensor,8.79
322,03-05-2022 05:30,Dozer_1,Fuel,Fuel Level,2.97
323,03-05-2022 05:40,Articulated_Truck_1,Fuel,Fuel Level,1.81
324,03-05-2022 05:50,Dozer_1,Misc,Air Filter Pressure,2.38
325,03-05-2022 06:00,Backhoe_Loader_1,Engine,Oil Pressure,12.76
326,03-05-2022 06:10,Dozer_1,Drive,Transmission Pressure,1775.46
327,03-05-2022 06:20,Dozer_1,Fuel,Water in Fuel,1822.57
328,03-05-2022 06:30,Excavator_1,Misc,Hydraulic Pump Rate,341.46
329,03-05-2022 06:40,Articulated_Truck_1,Misc,Air Filter Pressure,6.61
330,03-05-2022 06:50,Backhoe_Loader_1,Drive,Pedal Sensor,26.33
331,03-05-2022 07:00,Excavator_1,Engine,Temparature,145.08
332,03-05-2022 07:10,Articulated_Truck_1,Engine,Temparature,578.94
333,03-05-2022 07:20,Backhoe_Loader_1,Fuel,Fuel Pressure,65.08
334,03-05-2022 07:30,Backhoe_Loader_1,Misc,System Voltage,55.64
335,03-05-2022 07:40,Articulated_Truck_1,Misc,Hydraulic Pump Rate,190.82
336,03-05-2022 07:50,Articulated_Truck_1,Fuel,Fuel Pressure,118.76
337,03-05-2022 08:00,Articulated_Truck_1,Fuel,Fuel Level,2.85
338,03-05-2022 08:10,Backhoe_Loader_1,Fuel,Temparature,563.78
339,03-05-2022 08:20,Backhoe_Loader_1,Drive,Brake Control,2.96
340,03-05-2022 08:30,Backhoe_Loader_1,Engine,Speed,4478.33
341,03-05-2022 08:40,Backhoe_Loader_1,Fuel,Water in Fuel,3116.46
342,03-05-2022 08:50,Backhoe_Loader_1,Fuel,Water in Fuel,3652.98
343,03-05-2022 09:00,Dozer_1,Engine,Speed,3358.23
344,03-05-2022 09:10,Articulated_Truck_1,Misc,Exhaust Gas Temparature,1462.51
345,03-05-2022 09:20,Excavator_1,Drive,Pedal Sensor,11.25
346,03-05-2022 09:30,Excavator_1,Fuel,Fuel Pressure,46.94
347,03-05-2022 09:40,Excavator_1,Engine,Oil Pressure,55.2
348,03-05-2022 09:50,Backhoe_Loader_1,Misc,Air Filter Pressure,12.59
349,03-05-2022 10:00,Dozer_1,Engine,Oil Pressure,35.1
350,03-05-2022 10:10,Excavator_1,Fuel,Fuel Level,1.4
351,03-05-2022 10:20,Backhoe_Loader_1,Engine,Speed,5848.72
352,03-05-2022 10:30,Dozer_1,Engine,Speed,2043.04
353,03-05-2022 10:40,Articulated_Truck_1,Misc,Hydraulic Pump Rate,264.29
354,03-05-2022 10:50,Articulated_Truck_1,Drive,Transmission Pressure,366.96
355,03-05-2022 11:00,Excavator_1,Engine,Temparature,642.55
356,03-05-2022 11:10,Excavator_1,Misc,Hydraulic Pump Rate,109.51
357,03-05-2022 11:20,Excavator_1,Fuel,Water in Fuel,192.09
358,03-05-2022 11:30,Excavator_1,Drive,Brake Control,2.17
359,03-05-2022 11:40,Articulated_Truck_1,Misc,System Voltage,91.34
360,03-05-2022 11:50,Backhoe_Loader_1,Misc,Exhaust Gas Temparature,811.25
361,03-05-2022 12:00,Backhoe_Loader_1,Engine,Temparature,275.37
362,03-05-2022 12:10,Excavator_1,Misc,System Voltage,50.25
363,03-05-2022 12:20,Excavator_1,Fuel,Temparature,712.72
364,03-05-2022 12:30,Articulated_Truck_1,Engine,Temparature,528.33
365,03-05-2022 12:40,Articulated_Truck_1,Fuel,Temparature,660.65
366,03-05-2022 12:50,Excavator_1,Fuel,Temparature,659.54
367,03-05-2022 13:00,Dozer_1,Fuel,Fuel Pressure,102.04
368,03-05-2022 13:10,Dozer_1,Fuel,Water in Fuel,43.95
369,03-05-2022 13:20,Dozer_1,Misc,System Voltage,86.07
370,03-05-2022 13:30,Articulated_Truck_1,Fuel,Water in Fuel,1004.73
371,03-05-2022 13:40,Dozer_1,Misc,Exhaust Gas Temparature,1562.94
372,03-05-2022 13:50,Articulated_Truck_1,Fuel,Fuel Pressure,30.45
373,03-05-2022 14:00,Excavator_1,Fuel,Temparature,127.22
374,03-05-2022 14:10,Excavator_1,Misc,Exhaust Gas Temparature,1514.84
375,03-05-2022 14:20,Dozer_1,Fuel,Fuel Pressure,8.56
376,03-05-2022 14:30,Excavator_1,Drive,Pedal Sensor,25.45
377,03-05-2022 14:40,Dozer_1,Drive,Pedal Sensor,25.31
378,03-05-2022 14:50,Dozer_1,Engine,Temparature,336.15
379,03-05-2022 15:00,Excavator_1,Drive,Brake Control,1.96
380,03-05-2022 15:10,Excavator_1,Fuel,Fuel Pressure,149.63
381,03-05-2022 15:20,Dozer_1,Drive,Transmission Pressure,432.32
382,03-05-2022 15:30,Articulated_Truck_1,Drive,Transmission Pressure,1696.19
383,03-05-2022 15:40,Backhoe_Loader_1,Misc,Exhaust Gas Temparature,289.59
384,03-05-2022 15:50,Articulated_Truck_1,Misc,System Voltage,93.4
385,03-05-2022 16:00,Excavator_1,Engine,Temparature,687.76
386,03-05-2022 16:10,Articulated_Truck_1,Drive,Pedal Sensor,13.89
387,03-05-2022 16:20,Articulated_Truck_1,Fuel,Temparature,612.34
388,03-05-2022 16:30,Dozer_1,Engine,Speed,1690.88
389,03-05-2022 16:40,Backhoe_Loader_1,Fuel,Temparature,773.11
390,03-05-2022 16:50,Articulated_Truck_1,Engine,Temparature,80.99
391,03-05-2022 17:00,Dozer_1,Fuel,Fuel Pressure,12.01
392,03-05-2022 17:10,Articulated_Truck_1,Engine,Oil Pressure,35.58
393,03-05-2022 17:20,Dozer_1,Engine,Temparature,626.32
394,03-05-2022 17:30,Backhoe_Loader_1,Misc,Hydraulic Pump Rate,212.51
395,03-05-2022 17:40,Dozer_1,Misc,Air Filter Pressure,15.9
396,03-05-2022 17:50,Backhoe_Loader_1,Engine,Temparature,441.4
397,03-05-2022 18:00,Dozer_1,Drive,Pedal Sensor,10.75
398,03-05-2022 18:10,Excavator_1,Drive,Pedal Sensor,27.27
399,03-05-2022 18:20,Backhoe_Loader_1,Engine,Speed,737.68
400,03-05-2022 18:30,Excavator_1,Engine,Temparature,41.06
401,03-05-2022 18:40,Dozer_1,Drive,Brake Control,0.35
402,03-05-2022 18:50,Dozer_1,Engine,Temparature,512.2
403,03-05-2022 19:00,Articulated_Truck_1,Misc,Air Filter Pressure,19.71
404,03-05-2022 19:10,Dozer_1,Engine,Temparature,341.12
405,03-05-2022 19:20,Articulated_Truck_1,Engine,Speed,2348.24
406,03-05-2022 19:30,Articulated_Truck_1,Engine,Speed,5509.09
407,03-05-2022 19:40,Dozer_1,Engine,Oil Pressure,109.66
408,03-05-2022 19:50,Excavator_1,Misc,Exhaust Gas Temparature,225.83
409,03-05-2022 20:00,Backhoe_Loader_1,Fuel,Temparature,385.36
410,03-05-2022 20:10,Excavator_1,Engine,Temparature,336.34
411,03-05-2022 20:20,Backhoe_Loader_1,Drive,Brake Control,0.64
412,03-05-2022 20:30,Backhoe_Loader_1,Drive,Brake Control,0.18
413,03-05-2022 20:40,Dozer_1,Engine,Temparature,302.13
414,03-05-2022 20:50,Dozer_1,Drive,Brake Control,2.83
415,03-05-2022 21:00,Articulated_Truck_1,Misc,Air Filter Pressure,23.63
416,03-05-2022 21:10,Articulated_Truck_1,Fuel,Water in Fuel,1268.0
417,03-05-2022 21:20,Dozer_1,Drive,Transmission Pressure,1651.81
418,03-05-2022 21:30,Dozer_1,Misc,Exhaust Gas Temparature,1588.42
419,03-05-2022 21:40,Excavator_1,Drive,Brake Control,3.61
420,03-05-2022 21:50,Backhoe_Loader_1,Fuel,Fuel Pressure,55.75
421,03-05-2022 22:00,Excavator_1,Fuel,Temparature,136.81
422,03-05-2022 22:10,Excavator_1,Misc,Hydraulic Pump Rate,327.81
423,03-05-2022 22:20,Backhoe_Loader_1,Drive,Pedal Sensor,7.31
424,03-05-2022 22:30,Dozer_1,Misc,Air Filter Pressure,35.3
425,03-05-2022 22:40,Excavator_1,Engine,Temparature,515.38
426,03-05-2022 22:50,Articulated_Truck_1,Drive,Brake Control,2.46
427,03-05-2022 23:00,Backhoe_Loader_1,Fuel,Fuel Level,0.99
428,03-05-2022 23:10,Backhoe_Loader_1,Misc,System Voltage,45.22
429,03-05-2022 23:20,Backhoe_Loader_1,Misc,Air Filter Pressure,12.13
430,03-05-2022 23:30,Articulated_Truck_1,Misc,Exhaust Gas Temparature,700.45
431,03-05-2022 23:40,Backhoe_Loader_1,Fuel,Fuel Level,0.55
432,03-05-2022 23:50,Excavator_1,Drive,Brake Control,0.42
433,04-05-2022 00:00,Articulated_Truck_1,Misc,Hydraulic Pump Rate,277.8
434,04-05-2022 00:10,Backhoe_Loader_1,Misc,System Voltage,7.14
435,04-05-2022 00:20,Excavator_1,Engine,Temparature,529.56
436,04-05-2022 00:30,Articulated_Truck_1,Engine,Oil Pressure,72.59
437,04-05-2022 00:40,Excavator_1,Drive,Pedal Sensor,11.0
438,04-05-2022 00:50,Dozer_1,Misc,System Voltage,87.91
439,04-05-2022 01:00,Dozer_1,Drive,Transmission Pressure,300.34
440,04-05-2022 01:10,Backhoe_Loader_1,Misc,Hydraulic Pump Rate,307.04
441,04-05-2022 01:20,Articulated_Truck_1,Misc,Hydraulic Pump Rate,436.03
442,04-05-2022 01:30,Articulated_Truck_1,Fuel,Water in Fuel,2207.55
443,04-05-2022 01:40,Articulated_Truck_1,Drive,Transmission Pressure,199.05
444,04-05-2022 01:50,Excavator_1,Engine,Speed,2403.77
445,04-05-2022 02:00,Excavator_1,Engine,Temparature,786.86
446,04-05-2022 02:10,Backhoe_Loader_1,Drive,Transmission Pressure,1068.9
447,04-05-2022 02:20,Backhoe_Loader_1,Engine,Speed,675.78
448,04-05-2022 02:30,Backhoe_Loader_1,Engine,Speed,3992.8
449,04-05-2022 02:40,Dozer_1,Fuel,Fuel Level,3.03
450,04-05-2022 02:50,Articulated_Truck_1,Misc,Exhaust Gas Temparature,737.3
451,04-05-2022 03:00,Dozer_1,Engine,Speed,1476.87
452,04-05-2022 03:10,Backhoe_Loader_1,Fuel,Water in Fuel,1834.44
453,04-05-2022 03:20,Backhoe_Loader_1,Engine,Speed,4337.21
454,04-05-2022 03:30,Dozer_1,Drive,Brake Control,1.04
455,04-05-2022 03:40,Articulated_Truck_1,Engine,Temparature,765.48
456,04-05-2022 03:50,Dozer_1,Drive,Transmission Pressure,351.97
457,04-05-2022 04:00,Excavator_1,Engine,Speed,51.79
458,04-05-2022 04:10,Dozer_1,Misc,System Voltage,4.64
459,04-05-2022 04:20,Dozer_1,Engine,Speed,4098.46
460,04-05-2022 04:30,Excavator_1,Misc,System Voltage,41.29
461,04-05-2022 04:40,Backhoe_Loader_1,Fuel,Fuel Level,3.49
462,04-05-2022 04:50,Backhoe_Loader_1,Engine,Temparature,297.26
463,04-05-2022 05:00,Excavator_1,Fuel,Fuel Level,3.4
464,04-05-2022 05:10,Articulated_Truck_1,Engine,Temparature,487.92
465,04-05-2022 05:20,Dozer_1,Misc,Exhaust Gas Temparature,173.48
466,04-05-2022 05:30,Excavator_1,Fuel,Water in Fuel,3587.06
467,04-05-2022 05:40,Excavator_1,Misc,System Voltage,78.39
468,04-05-2022 05:50,Articulated_Truck_1,Engine,Oil Pressure,47.11
469,04-05-2022 06:00,Articulated_Truck_1,Engine,Temparature,349.65
470,04-05-2022 06:10,Backhoe_Loader_1,Engine,Speed,2332.45
471,04-05-2022 06:20,Backhoe_Loader_1,Misc,Exhaust Gas Temparature,1297.77
472,04-05-2022 06:30,Dozer_1,Drive,Brake Control,1.58
473,04-05-2022 06:40,Dozer_1,Engine,Oil Pressure,114.03
474,04-05-2022 06:50,Excavator_1,Misc,Hydraulic Pump Rate,352.89
475,04-05-2022 07:00,Excavator_1,Misc,System Voltage,21.24
476,04-05-2022 07:10,Articulated_Truck_1,Misc,System Voltage,8.08
477,04-05-2022 07:20,Articulated_Truck_1,Misc,System Voltage,81.44
478,04-05-2022 07:30,Backhoe_Loader_1,Fuel,Fuel Level,1.14
479,04-05-2022 07:40,Dozer_1,Engine,Speed,1153.63
480,04-05-2022 07:50,Backhoe_Loader_1,Engine,Speed,5656.93
481,04-05-2022 08:00,Dozer_1,Drive,Pedal Sensor,2.54
482,04-05-2022 08:10,Dozer_1,Engine,Speed,5618.01
483,04-05-2022 08:20,Excavator_1,Misc,Air Filter Pressure,23.21
484,04-05-2022 08:30,Articulated_Truck_1,Drive,Transmission Pressure,1671.32
485,04-05-2022 08:40,Excavator_1,Misc,System Voltage,5.98
486,04-05-2022 08:50,Dozer_1,Drive,Transmission Pressure,602.28
487,04-05-2022 09:00,Dozer_1,Engine,Oil Pressure,14.82
488,04-05-2022 09:10,Excavator_1,Drive,Transmission Pressure,224.78
489,04-05-2022 09:20,Dozer_1,Engine,Oil Pressure,108.52
490,04-05-2022 09:30,Backhoe_Loader_1,Misc,Hydraulic Pump Rate,339.77
491,04-05-2022 09:40,Excavator_1,Misc,Hydraulic Pump Rate,180.81
492,04-05-2022 09:50,Articulated_Truck_1,Fuel,Temparature,602.55
493,04-05-2022 10:00,Excavator_1,Fuel,Fuel Level,2.66
494,04-05-2022 10:10,Articulated_Truck_1,Engine,Temparature,768.12
495,04-05-2022 10:20,Articulated_Truck_1,Drive,Transmission Pressure,1274.77
496,04-05-2022 10:30,Dozer_1,Engine,Oil Pressure,54.78
497,04-05-2022 10:40,Backhoe_Loader_1,Fuel,Water in Fuel,2897.9
498,04-05-2022 10:50,Articulated_Truck_1,Misc,Air Filter Pressure,1.14
499,04-05-2022 11:00,Articulated_Truck_1,Fuel,Fuel Pressure,77.1
500,04-05-2022 11:10,Dozer_1,Fuel,Fuel Pressure,50.76
501,04-05-2022 11:20,Articulated_Truck_1,Fuel,Fuel Pressure,54.03
502,04-05-2022 11:30,Excavator_1,Engine,Speed,4979.8
503,04-05-2022 11:40,Backhoe_Loader_1,Drive,Brake Control,3.32
504,04-05-2022 11:50,Articulated_Truck_1,Drive,Brake Control,1.03
505,04-05-2022 12:00,Excavator_1,Drive,Brake Control,2.34
506,04-05-2022 12:10,Backhoe_Loader_1,Misc,Air Filter Pressure,2.11
507,04-05-2022 12:20,Excavator_1,Drive,Brake Control,1.84
508,04-05-2022 12:30,Backhoe_Loader_1,Fuel,Temparature,496.29
509,04-05-2022 12:40,Backhoe_Loader_1,Fuel,Fuel Level,3.93
510,04-05-2022 12:50,Articulated_Truck_1,Misc,Exhaust Gas Temparature,1786.24
511,04-05-2022 13:00,Excavator_1,Fuel,Fuel Pressure,134.75
512,04-05-2022 13:10,Excavator_1,Misc,Hydraulic Pump Rate,390.76
513,04-05-2022 13:20,Articulated_Truck_1,Drive,Brake Control,1.76
514,04-05-2022 13:30,Articulated_Truck_1,Drive,Transmission Pressure,1746.05
515,04-05-2022 13:40,Articulated_Truck_1,Fuel,Fuel Level,0.99
516,04-05-2022 13:50,Backhoe_Loader_1,Fuel,Fuel Pressure,6.98
517,04-05-2022 14:00,Dozer_1,Fuel,Water in Fuel,1948.14
518,04-05-2022 14:10,Dozer_1,Fuel,Water in Fuel,5466.61
519,04-05-2022 14:20,Backhoe_Loader_1,Misc,Hydraulic Pump Rate,77.24
520,04-05-2022 14:30,Excavator_1,Engine,Temparature,451.57
521,04-05-2022 14:40,Dozer_1,Misc,System Voltage,7.5
522,04-05-2022 14:50,Articulated_Truck_1,Drive,Transmission Pressure,421.25
523,04-05-2022 15:00,Excavator_1,Drive,Pedal Sensor,19.98
524,04-05-2022 15:10,Articulated_Truck_1,Fuel,Water in Fuel,4193.03
525,04-05-2022 15:20,Excavator_1,Drive,Pedal Sensor,28.87
526,04-05-2022 15:30,Backhoe_Loader_1,Drive,Pedal Sensor,16.53
527,04-05-2022 15:40,Dozer_1,Drive,Transmission Pressure,632.65
528,04-05-2022 15:50,Excavator_1,Fuel,Water in Fuel,244.07
529,04-05-2022 16:00,Backhoe_Loader_1,Misc,Exhaust Gas Temparature,401.72
530,04-05-2022 16:10,Dozer_1,Fuel,Temparature,591.87
531,04-05-2022 16:20,Dozer_1,Fuel,Fuel Level,4.66
532,04-05-2022 16:30,Dozer_1,Misc,Exhaust Gas Temparature,1090.1
533,04-05-2022 16:40,Articulated_Truck_1,Engine,Speed,2792.23
534,04-05-2022 16:50,Excavator_1,Misc,Hydraulic Pump Rate,445.58
535,04-05-2022 17:00,Articulated_Truck_1,Drive,Transmission Pressure,325.77
536,04-05-2022 17:10,Excavator_1,Engine,Speed,977.87
537,04-05-2022 17:20,Dozer_1,Fuel,Temparature,64.52
538,04-05-2022 17:30,Backhoe_Loader_1,Misc,Air Filter Pressure,32.25
539,04-05-2022 17:40,Articulated_Truck_1,Fuel,Fuel Pressure,9.2
540,04-05-2022 17:50,Excavator_1,Misc,System Voltage,4.4
541,04-05-2022 18:00,Excavator_1,Drive,Brake Control,3.22
542,04-05-2022 18:10,Backhoe_Loader_1,Engine,Temparature,714.32
543,04-05-2022 18:20,Articulated_Truck_1,Drive,Pedal Sensor,20.64
544,04-05-2022 18:30,Articulated_Truck_1,Fuel,Water in Fuel,1606.99
545,04-05-2022 18:40,Dozer_1,Fuel,Fuel Level,1.04
546,04-05-2022 18:50,Articulated_Truck_1,Fuel,Water in Fuel,3189.39
547,04-05-2022 19:00,Excavator_1,Drive,Brake Control,2.32
548,04-05-2022 19:10,Excavator_1,Fuel,Fuel Pressure,142.91
549,04-05-2022 19:20,Excavator_1,Engine,Temparature,316.43
550,04-05-2022 19:30,Articulated_Truck_1,Misc,Hydraulic Pump Rate,389.48
551,04-05-2022 19:40,Dozer_1,Fuel,Water in Fuel,1881.88
552,04-05-2022 19:50,Articulated_Truck_1,Drive,Brake Control,2.21
553,04-05-2022 20:00,Excavator_1,Drive,Pedal Sensor,15.94
554,04-05-2022 20:10,Excavator_1,Drive,Brake Control,3.05
555,04-05-2022 20:20,Articulated_Truck_1,Fuel,Fuel Level,4.15
556,04-05-2022 20:30,Dozer_1,Misc,Exhaust Gas Temparature,1439.07
557,04-05-2022 20:40,Dozer_1,Engine,Temparature,774.13
558,04-05-2022 20:50,Excavator_1,Misc,Exhaust Gas Temparature,1040.79
559,04-05-2022 21:00,Articulated_Truck_1,Fuel,Temparature,90.61
560,04-05-2022 21:10,Articulated_Truck_1,Engine,Speed,2854.47
561,04-05-2022 21:20,Backhoe_Loader_1,Fuel,Fuel Pressure,83.77
562,04-05-2022 21:30,Dozer_1,Engine,Oil Pressure,92.46
563,04-05-2022 21:40,Dozer_1,Misc,Hydraulic Pump Rate,402.44
564,04-05-2022 21:50,Dozer_1,Misc,Exhaust Gas Temparature,1214.68
565,04-05-2022 22:00,Backhoe_Loader_1,Engine,Temparature,696.34
566,04-05-2022 22:10,Backhoe_Loader_1,Misc,Exhaust Gas Temparature,1404.38
567,04-05-2022 22:20,Articulated_Truck_1,Drive,Brake Control,1.82
568,04-05-2022 22:30,Backhoe_Loader_1,Engine,Temparature,325.35
569,04-05-2022 22:40,Backhoe_Loader_1,Fuel,Temparature,750.06
570,04-05-2022 22:50,Dozer_1,Fuel,Fuel Pressure,6.85
571,04-05-2022 23:00,Articulated_Truck_1,Misc,Air Filter Pressure,37.97
572,04-05-2022 23:10,Backhoe_Loader_1,Drive,Transmission Pressure,1890.44
573,04-05-2022 23:20,Backhoe_Loader_1,Misc,Hydraulic Pump Rate,403.43
574,04-05-2022 23:30,Articulated_Truck_1,Misc,Hydraulic Pump Rate,138.24
575,04-05-2022 23:40,Backhoe_Loader_1,Engine,Speed,1781.5
576,04-05-2022 23:50,Backhoe_Loader_1,Drive,Pedal Sensor,27.26
577,05-05-2022 00:00,Articulated_Truck_1,Engine,Temparature,584.41
578,05-05-2022 00:10,Backhoe_Loader_1,Misc,Air Filter Pressure,5.95
579,05-05-2022 00:20,Articulated_Truck_1,Fuel,Temparature,368.63
580,05-05-2022 00:30,Backhoe_Loader_1,Fuel,Fuel Pressure,77.94
581,05-05-2022 00:40,Articulated_Truck_1,Drive,Transmission Pressure,644.12
582,05-05-2022 00:50,Dozer_1,Engine,Speed,3673.04
583,05-05-2022 01:00,Dozer_1,Misc,Hydraulic Pump Rate,288.92
584,05-05-2022 01:10,Dozer_1,Fuel,Temparature,448.56
585,05-05-2022 01:20,Articulated_Truck_1,Drive,Brake Control,0.16
586,05-05-2022 01:30,Backhoe_Loader_1,Misc,Exhaust Gas Temparature,1539.89
587,05-05-2022 01:40,Excavator_1,Misc,Hydraulic Pump Rate,139.39
588,05-05-2022 01:50,Backhoe_Loader_1,Misc,System Voltage,38.21
589,05-05-2022 02:00,Articulated_Truck_1,Misc,Exhaust Gas Temparature,574.85
590,05-05-2022 02:10,Dozer_1,Engine,Oil Pressure,74.48
591,05-05-2022 02:20,Articulated_Truck_1,Engine,Speed,672.01
592,05-05-2022 02:30,Backhoe_Loader_1,Drive,Transmission Pressure,828.63
593,05-05-2022 02:40,Dozer_1,Misc,Exhaust Gas Temparature,1712.95
594,05-05-2022 02:50,Backhoe_Loader_1,Drive,Transmission Pressure,560.43
595,05-05-2022 03:00,Articulated_Truck_1,Engine,Temparature,92.34
596,05-05-2022 03:10,Dozer_1,Drive,Brake Control,3.2
597,05-05-2022 03:20,Excavator_1,Engine,Temparature,292.68
598,05-05-2022 03:30,Backhoe_Loader_1,Fuel,Water in Fuel,4895.52
599,05-05-2022 03:40,Excavator_1,Misc,Hydraulic Pump Rate,252.98
600,05-05-2022 03:50,Articulated_Truck_1,Misc,Hydraulic Pump Rate,428.24
601,05-05-2022 04:00,Excavator_1,Drive,Pedal Sensor,1.33
602,05-05-2022 04:10,Excavator_1,Drive,Brake Control,1.61
603,05-05-2022 04:20,Dozer_1,Engine,Speed,1511.6
604,05-05-2022 04:30,Articulated_Truck_1,Engine,Oil Pressure,149.14
605,05-05-2022 04:40,Backhoe_Loader_1,Fuel,Fuel Pressure,109.56
606,05-05-2022 04:50,Dozer_1,Misc,Air Filter Pressure,0.01
607,05-05-2022 05:00,Articulated_Truck_1,Engine,Temparature,690.5
608,05-05-2022 05:10,Dozer_1,Engine,Speed,2295.55
609,05-05-2022 05:20,Articulated_Truck_1,Drive,Brake Control,0.79
610,05-05-2022 05:30,Articulated_Truck_1,Fuel,Water in Fuel,6929.16
611,05-05-2022 05:40,Excavator_1,Drive,Brake Control,3.54
612,05-05-2022 05:50,Backhoe_Loader_1,Fuel,Fuel Level,3.33
613,05-05-2022 06:00,Articulated_Truck_1,Misc,System Voltage,14.26
614,05-05-2022 06:10,Backhoe_Loader_1,Fuel,Fuel Pressure,43.15
615,05-05-2022 06:20,Dozer_1,Fuel,Temparature,450.84
616,05-05-2022 06:30,Backhoe_Loader_1,Drive,Brake Control,3.67
617,05-05-2022 06:40,Dozer_1,Misc,Exhaust Gas Temparature,1676.9
618,05-05-2022 06:50,Dozer_1,Fuel,Temparature,558.89
619,05-05-2022 07:00,Backhoe_Loader_1,Engine,Speed,5110.9
620,05-05-2022 07:10,Excavator_1,Fuel,Fuel Pressure,172.73
621,05-05-2022 07:20,Dozer_1,Drive,Brake Control,3.15
622,05-05-2022 07:30,Backhoe_Loader_1,Misc,Air Filter Pressure,13.71
623,05-05-2022 07:40,Excavator_1,Engine,Speed,4534.04
624,05-05-2022 07:50,Dozer_1,Misc,Air Filter Pressure,6.03
625,05-05-2022 08:00,Excavator_1,Fuel,Water in Fuel,4611.54
626,05-05-2022 08:10,Backhoe_Loader_1,Engine,Speed,3288.71
627,05-05-2022 08:20,Excavator_1,Engine,Speed,3355.41
628,05-05-2022 08:30,Dozer_1,Engine,Oil Pressure,18.74
629,05-05-2022 08:40,Excavator_1,Misc,Exhaust Gas Temparature,857.75
630,05-05-2022 08:50,Backhoe_Loader_1,Engine,Temparature,622.33
631,05-05-2022 09:00,Excavator_1,Drive,Transmission Pressure,1706.81
632,05-05-2022 09:10,Excavator_1,Engine,Temparature,95.33
633,05-05-2022 09:20,Excavator_1,Engine,Speed,2044.99
634,05-05-2022 09:30,Backhoe_Loader_1,Drive,Pedal Sensor,11.51
635,05-05-2022 09:40,Articulated_Truck_1,Fuel,Fuel Level,1.39
636,05-05-2022 09:50,Excavator_1,Drive,Pedal Sensor,1.16
637,05-05-2022 10:00,Backhoe_Loader_1,Engine,Oil Pressure,97.69
638,05-05-2022 10:10,Articulated_Truck_1,Drive,Transmission Pressure,707.53
639,05-05-2022 10:20,Dozer_1,Drive,Brake Control,3.51
640,05-05-2022 10:30,Excavator_1,Drive,Brake Control,0.6
641,05-05-2022 10:40,Backhoe_Loader_1,Engine,Oil Pressure,39.67
642,05-05-2022 10:50,Excavator_1,Drive,Brake Control,0.5
643,05-05-2022 11:00,Articulated_Truck_1,Fuel,Fuel Level,4.64
644,05-05-2022 11:10,Dozer_1,Fuel,Fuel Level,2.4
645,05-05-2022 11:20,Excavator_1,Engine,Temparature,219.68
646,05-05-2022 11:30,Backhoe_Loader_1,Fuel,Temparature,779.89
647,05-05-2022 11:40,Excavator_1,Drive,Brake Control,2.26
648,05-05-2022 11:50,Dozer_1,Engine,Oil Pressure,49.3
649,05-05-2022 12:00,Articulated_Truck_1,Engine,Oil Pressure,84.4
650,05-05-2022 12:10,Articulated_Truck_1,Fuel,Water in Fuel,409.74
651,05-05-2022 12:20,Articulated_Truck_1,Fuel,Fuel Pressure,80.35
652,05-05-2022 12:30,Excavator_1,Engine,Oil Pressure,141.04
653,05-05-2022 12:40,Backhoe_Loader_1,Engine,Speed,2833.99
654,05-05-2022 12:50,Backhoe_Loader_1,Engine,Speed,3830.87
655,05-05-2022 13:00,Backhoe_Loader_1,Drive,Transmission Pressure,110.59
656,05-05-2022 13:10,Dozer_1,Fuel,Temparature,413.42
657,05-05-2022 13:20,Dozer_1,Misc,Hydraulic Pump Rate,136.53
658,05-05-2022 13:30,Excavator_1,Fuel,Fuel Pressure,23.97
659,05-05-2022 13:40,Backhoe_Loader_1,Engine,Temparature,340.51
660,05-05-2022 13:50,Backhoe_Loader_1,Misc,Hydraulic Pump Rate,223.0
661,05-05-2022 14:00,Dozer_1,Fuel,Water in Fuel,3621.19
662,05-05-2022 14:10,Backhoe_Loader_1,Engine,Temparature,48.75
663,05-05-2022 14:20,Articulated_Truck_1,Fuel,Water in Fuel,2406.06
664,05-05-2022 14:30,Articulated_Truck_1,Drive,Transmission Pressure,1364.52
665,05-05-2022 14:40,Backhoe_Loader_1,Engine,Speed,5806.09
666,05-05-2022 14:50,Articulated_Truck_1,Misc,Air Filter Pressure,27.33
667,05-05-2022 15:00,Excavator_1,Fuel,Fuel Level,4.36
668,05-05-2022 15:10,Articulated_Truck_1,Misc,Exhaust Gas Temparature,196.16
669,05-05-2022 15:20,Excavator_1,Fuel,Temparature,579.05
670,05-05-2022 15:30,Backhoe_Loader_1,Drive,Pedal Sensor,27.41
671,05-05-2022 15:40,Articulated_Truck_1,Engine,Temparature,46.13
672,05-05-2022 15:50,Articulated_Truck_1,Misc,Air Filter Pressure,20.51
673,05-05-2022 16:00,Excavator_1,Engine,Speed,5774.53
674,05-05-2022 16:10,Backhoe_Loader_1,Drive,Transmission Pressure,946.49
675,05-05-2022 16:20,Backhoe_Loader_1,Misc,Air Filter Pressure,2.74
676,05-05-2022 16:30,Excavator_1,Engine,Oil Pressure,15.71
677,05-05-2022 16:40,Excavator_1,Fuel,Water in Fuel,3513.04
678,05-05-2022 16:50,Dozer_1,Misc,Air Filter Pressure,6.14
679,05-05-2022 17:00,Backhoe_Loader_1,Misc,Exhaust Gas Temparature,191.96
680,05-05-2022 17:10,Excavator_1,Fuel,Fuel Pressure,93.75
681,05-05-2022 17:20,Backhoe_Loader_1,Engine,Oil Pressure,141.49
682,05-05-2022 17:30,Excavator_1,Fuel,Temparature,540.1
683,05-05-2022 17:40,Articulated_Truck_1,Misc,System Voltage,81.62
684,05-05-2022 17:50,Backhoe_Loader_1,Misc,Exhaust Gas Temparature,930.15
685,05-05-2022 18:00,Excavator_1,Engine,Temparature,18.96
686,05-05-2022 18:10,Excavator_1,Misc,System Voltage,89.51
687,05-05-2022 18:20,Backhoe_Loader_1,Misc,Air Filter Pressure,6.36
688,05-05-2022 18:30,Excavator_1,Misc,System Voltage,86.74
689,05-05-2022 18:40,Dozer_1,Misc,Hydraulic Pump Rate,203.94
690,05-05-2022 18:50,Backhoe_Loader_1,Misc,System Voltage,74.94
691,05-05-2022 19:00,Backhoe_Loader_1,Fuel,Temparature,265.7
692,05-05-2022 19:10,Dozer_1,Misc,Air Filter Pressure,13.06
693,05-05-2022 19:20,Excavator_1,Drive,Brake Control,1.14
694,05-05-2022 19:30,Articulated_Truck_1,Engine,Temparature,201.26
695,05-05-2022 19:40,Dozer_1,Fuel,Water in Fuel,5233.18
696,05-05-2022 19:50,Excavator_1,Misc,Air Filter Pressure,23.53
697,05-05-2022 20:00,Articulated_Truck_1,Engine,Oil Pressure,37.85
698,05-05-2022 20:10,Excavator_1,Engine,Temparature,565.63
699,05-05-2022 20:20,Backhoe_Loader_1,Drive,Transmission Pressure,397.92
700,05-05-2022 20:30,Backhoe_Loader_1,Misc,Air Filter Pressure,32.12
701,05-05-2022 20:40,Dozer_1,Engine,Speed,6221.22
702,05-05-2022 20:50,Articulated_Truck_1,Drive,Transmission Pressure,1914.94
703,05-05-2022 21:00,Backhoe_Loader_1,Misc,System Voltage,4.75
704,05-05-2022 21:10,Dozer_1,Fuel,Fuel Pressure,192.8
705,05-05-2022 21:20,Articulated_Truck_1,Drive,Pedal Sensor,24.23
706,05-05-2022 21:30,Articulated_Truck_1,Drive,Pedal Sensor,24.62
707,05-05-2022 21:40,Backhoe_Loader_1,Engine,Temparature,245.8
708,05-05-2022 21:50,Articulated_Truck_1,Fuel,Water in Fuel,3105.43
709,05-05-2022 22:00,Excavator_1,Drive,Transmission Pressure,82.46
710,05-05-2022 22:10,Dozer_1,Engine,Temparature,436.95
711,05-05-2022 22:20,Articulated_Truck_1,Fuel,Water in Fuel,154.63
712,05-05-2022 22:30,Articulated_Truck_1,Engine,Oil Pressure,131.58
713,05-05-2022 22:40,Articulated_Truck_1,Drive,Brake Control,1.88
714,05-05-2022 22:50,Dozer_1,Engine,Speed,1215.04
715,05-05-2022 23:00,Articulated_Truck_1,Engine,Speed,289.33
716,05-05-2022 23:10,Dozer_1,Fuel,Temparature,414.73
717,05-05-2022 23:20,Dozer_1,Engine,Temparature,55.53
718,05-05-2022 23:30,Dozer_1,Misc,System Voltage,46.21
719,05-05-2022 23:40,Backhoe_Loader_1,Drive,Transmission Pressure,879.85
720,05-05-2022 23:50,Backhoe_Loader_1,Engine,Speed,5647.41
721,06-05-2022 00:00,Articulated_Truck_1,Fuel,Water in Fuel,5762.26
722,06-05-2022 00:10,Dozer_1,Engine,Oil Pressure,15.81
723,06-05-2022 00:20,Backhoe_Loader_1,Drive,Brake Control,2.24
724,06-05-2022 00:30,Articulated_Truck_1,Misc,Hydraulic Pump Rate,310.7
725,06-05-2022 00:40,Dozer_1,Drive,Pedal Sensor,14.82
726,06-05-2022 00:50,Dozer_1,Misc,Air Filter Pressure,14.86
727,06-05-2022 01:00,Excavator_1,Misc,System Voltage,73.44
728,06-05-2022 01:10,Backhoe_Loader_1,Fuel,Water in Fuel,1313.75
729,06-05-2022 01:20,Dozer_1,Engine,Speed,1668.52
730,06-05-2022 01:30,Dozer_1,Fuel,Fuel Pressure,101.79
731,06-05-2022 01:40,Articulated_Truck_1,Misc,System Voltage,84.71
732,06-05-2022 01:50,Articulated_Truck_1,Fuel,Temparature,294.83
733,06-05-2022 02:00,Dozer_1,Fuel,Fuel Pressure,19.63
734,06-05-2022 02:10,Excavator_1,Engine,Speed,4774.97
735,06-05-2022 02:20,Excavator_1,Fuel,Water in Fuel,3466.15
736,06-05-2022 02:30,Dozer_1,Engine,Oil Pressure,115.95
737,06-05-2022 02:40,Dozer_1,Engine,Temparature,452.02
738,06-05-2022 02:50,Articulated_Truck_1,Misc,Exhaust Gas Temparature,1160.84
739,06-05-2022 03:00,Excavator_1,Misc,Exhaust Gas Temparature,1309.46
740,06-05-2022 03:10,Dozer_1,Fuel,Temparature,444.12
741,06-05-2022 03:20,Excavator_1,Engine,Oil Pressure,131.77
742,06-05-2022 03:30,Excavator_1,Fuel,Water in Fuel,1056.75
743,06-05-2022 03:40,Dozer_1,Engine,Speed,2166.93
744,06-05-2022 03:50,Articulated_Truck_1,Drive,Transmission Pressure,924.06
745,06-05-2022 04:00,Excavator_1,Misc,System Voltage,79.65
746,06-05-2022 04:10,Backhoe_Loader_1,Drive,Transmission Pressure,409.75
747,06-05-2022 04:20,Excavator_1,Misc,Air Filter Pressure,10.35
748,06-05-2022 04:30,Excavator_1,Drive,Brake Control,3.24
749,06-05-2022 04:40,Backhoe_Loader_1,Drive,Brake Control,2.08
750,06-05-2022 04:50,Articulated_Truck_1,Drive,Pedal Sensor,2.25
751,06-05-2022 05:00,Articulated_Truck_1,Engine,Temparature,384.58
752,06-05-2022 05:10,Dozer_1,Fuel,Fuel Pressure,115.28
753,06-05-2022 05:20,Backhoe_Loader_1,Misc,Exhaust Gas Temparature,1478.98
754,06-05-2022 05:30,Backhoe_Loader_1,Fuel,Fuel Pressure,109.29
755,06-05-2022 05:40,Dozer_1,Engine,Oil Pressure,98.48
756,06-05-2022 05:50,Articulated_Truck_1,Engine,Oil Pressure,118.06
757,06-05-2022 06:00,Dozer_1,Fuel,Temparature,758.27
758,06-05-2022 06:10,Excavator_1,Engine,Speed,4176.32
759,06-05-2022 06:20,Backhoe_Loader_1,Engine,Oil Pressure,31.31
760,06-05-2022 06:30,Backhoe_Loader_1,Engine,Speed,5861.07
761,06-05-2022 06:40,Dozer_1,Misc,System Voltage,64.64
762,06-05-2022 06:50,Articulated_Truck_1,Fuel,Temparature,87.58
763,06-05-2022 07:00,Articulated_Truck_1,Fuel,Water in Fuel,559.77
764,06-05-2022 07:10,Excavator_1,Misc,System Voltage,91.53
765,06-05-2022 07:20,Articulated_Truck_1,Fuel,Fuel Level,2.67
766,06-05-2022 07:30,Backhoe_Loader_1,Fuel,Water in Fuel,4070.24
767,06-05-2022 07:40,Excavator_1,Drive,Brake Control,3.41
768,06-05-2022 07:50,Dozer_1,Drive,Pedal Sensor,29.19
769,06-05-2022 08:00,Dozer_1,Misc,Hydraulic Pump Rate,445.48
770,06-05-2022 08:10,Articulated_Truck_1,Misc,Air Filter Pressure,22.79
771,06-05-2022 08:20,Articulated_Truck_1,Misc,Hydraulic Pump Rate,399.93
772,06-05-2022 08:30,Excavator_1,Fuel,Fuel Pressure,62.34
773,06-05-2022 08:40,Dozer_1,Engine,Oil Pressure,23.62
774,06-05-2022 08:50,Excavator_1,Engine,Oil Pressure,41.69
775,06-05-2022 09:00,Dozer_1,Drive,Brake Control,0.31
776,06-05-2022 09:10,Articulated_Truck_1,Drive,Pedal Sensor,3.62
777,06-05-2022 09:20,Excavator_1,Drive,Pedal Sensor,5.6
778,06-05-2022 09:30,Backhoe_Loader_1,Fuel,Temparature,116.31
779,06-05-2022 09:40,Backhoe_Loader_1,Misc,Exhaust Gas Temparature,979.55
780,06-05-2022 09:50,Articulated_Truck_1,Drive,Transmission Pressure,983.88
781,06-05-2022 10:00,Excavator_1,Engine,Temparature,181.45
782,06-05-2022 10:10,Backhoe_Loader_1,Fuel,Fuel Pressure,173.65
783,06-05-2022 10:20,Articulated_Truck_1,Fuel,Temparature,339.0
784,06-05-2022 10:30,Dozer_1,Misc,Exhaust Gas Temparature,1956.3
785,06-05-2022 10:40,Excavator_1,Engine,Temparature,661.7
786,06-05-2022 10:50,Backhoe_Loader_1,Drive,Brake Control,3.33
787,06-05-2022 11:00,Excavator_1,Drive,Brake Control,2.47
788,06-05-2022 11:10,Backhoe_Loader_1,Engine,Temparature,188.2
789,06-05-2022 11:20,Backhoe_Loader_1,Fuel,Fuel Pressure,92.72
790,06-05-2022 11:30,Backhoe_Loader_1,Drive,Pedal Sensor,29.6
791,06-05-2022 11:40,Articulated_Truck_1,Fuel,Water in Fuel,1004.32
792,06-05-2022 11:50,Articulated_Truck_1,Drive,Pedal Sensor,17.78
793,06-05-2022 12:00,Excavator_1,Fuel,Fuel Pressure,100.37
794,06-05-2022 12:10,Dozer_1,Misc,Exhaust Gas Temparature,532.44
795,06-05-2022 12:20,Dozer_1,Fuel,Temparature,539.2
796,06-05-2022 12:30,Articulated_Truck_1,Drive,Pedal Sensor,17.76
797,06-05-2022 12:40,Dozer_1,Engine,Speed,520.35
798,06-05-2022 12:50,Excavator_1,Fuel,Temparature,65.57
799,06-05-2022 13:00,Articulated_Truck_1,Engine,Oil Pressure,84.97
800,06-05-2022 13:10,Excavator_1,Engine,Temparature,190.55
801,06-05-2022 13:20,Excavator_1,Drive,Transmission Pressure,1960.21
802,06-05-2022 13:30,Excavator_1,Fuel,Temparature,138.92
803,06-05-2022 13:40,Articulated_Truck_1,Drive,Pedal Sensor,7.45
804,06-05-2022 13:50,Articulated_Truck_1,Drive,Pedal Sensor,23.26
805,06-05-2022 14:00,Articulated_Truck_1,Engine,Temparature,393.0
806,06-05-2022 14:10,Excavator_1,Drive,Pedal Sensor,2.86
807,06-05-2022 14:20,Dozer_1,Misc,Air Filter Pressure,26.4
808,06-05-2022 14:30,Dozer_1,Misc,Hydraulic Pump Rate,398.02
809,06-05-2022 14:40,Excavator_1,Drive,Pedal Sensor,0.24
810,06-05-2022 14:50,Articulated_Truck_1,Misc,Hydraulic Pump Rate,213.69
811,06-05-2022 15:00,Articulated_Truck_1,Drive,Transmission Pressure,1579.32
812,06-05-2022 15:10,Dozer_1,Misc,Exhaust Gas Temparature,1758.79
813,06-05-2022 15:20,Dozer_1,Drive,Transmission Pressure,622.88
814,06-05-2022 15:30,Articulated_Truck_1,Drive,Transmission Pressure,1812.7
815,06-05-2022 15:40,Backhoe_Loader_1,Drive,Brake Control,2.57
816,06-05-2022 15:50,Excavator_1,Engine,Temparature,523.67
817,06-05-2022 16:00,Dozer_1,Fuel,Water in Fuel,550.74
818,06-05-2022 16:10,Articulated_Truck_1,Engine,Oil Pressure,140.34
819,06-05-2022 16:20,Excavator_1,Fuel,Fuel Pressure,91.59
820,06-05-2022 16:30,Backhoe_Loader_1,Fuel,Fuel Pressure,163.88
821,06-05-2022 16:40,Dozer_1,Engine,Speed,1491.55
822,06-05-2022 16:50,Excavator_1,Engine,Oil Pressure,77.41
823,06-05-2022 17:00,Dozer_1,Engine,Temparature,535.55
824,06-05-2022 17:10,Backhoe_Loader_1,Fuel,Temparature,472.46
825,06-05-2022 17:20,Articulated_Truck_1,Drive,Brake Control,3.08
826,06-05-2022 17:30,Excavator_1,Engine,Speed,477.35
827,06-05-2022 17:40,Dozer_1,Fuel,Fuel Level,2.03
828,06-05-2022 17:50,Articulated_Truck_1,Fuel,Fuel Level,1.34
829,06-05-2022 18:00,Dozer_1,Drive,Brake Control,2.85
830,06-05-2022 18:10,Articulated_Truck_1,Engine,Temparature,459.03
831,06-05-2022 18:20,Dozer_1,Fuel,Fuel Level,4.87
832,06-05-2022 18:30,Articulated_Truck_1,Engine,Speed,312.03
833,06-05-2022 18:40,Articulated_Truck_1,Drive,Transmission Pressure,832.06
834,06-05-2022 18:50,Articulated_Truck_1,Misc,Air Filter Pressure,8.5
835,06-05-2022 19:00,Excavator_1,Misc,Hydraulic Pump Rate,245.84
836,06-05-2022 19:10,Articulated_Truck_1,Engine,Temparature,171.95
837,06-05-2022 19:20,Excavator_1,Drive,Pedal Sensor,24.18
838,06-05-2022 19:30,Dozer_1,Engine,Temparature,515.16
839,06-05-2022 19:40,Articulated_Truck_1,Drive,Brake Control,2.89
840,06-05-2022 19:50,Excavator_1,Engine,Speed,4325.89
841,06-05-2022 20:00,Excavator_1,Fuel,Water in Fuel,3069.54
842,06-05-2022 20:10,Articulated_Truck_1,Misc,Hydraulic Pump Rate,225.2
843,06-05-2022 20:20,Dozer_1,Drive,Brake Control,0.53
844,06-05-2022 20:30,Articulated_Truck_1,Drive,Brake Control,1.59
845,06-05-2022 20:40,Excavator_1,Fuel,Fuel Pressure,183.9
846,06-05-2022 20:50,Articulated_Truck_1,Misc,System Voltage,47.63
847,06-05-2022 21:00,Excavator_1,Fuel,Water in Fuel,1983.49
848,06-05-2022 21:10,Dozer_1,Fuel,Fuel Level,3.62
849,06-05-2022 21:20,Articulated_Truck_1,Engine,Temparature,643.23
850,06-05-2022 21:30,Excavator_1,Misc,Exhaust Gas Temparature,167.27
851,06-05-2022 21:40,Articulated_Truck_1,Drive,Transmission Pressure,1753.63
852,06-05-2022 21:50,Backhoe_Loader_1,Misc,Exhaust Gas Temparature,392.59
853,06-05-2022 22:00,Excavator_1,Drive,Brake Control,2.3
854,06-05-2022 22:10,Excavator_1,Engine,Temparature,331.65
855,06-05-2022 22:20,Excavator_1,Engine,Oil Pressure,65.14
856,06-05-2022 22:30,Excavator_1,Fuel,Fuel Pressure,38.0
857,06-05-2022 22:40,Articulated_Truck_1,Misc,System Voltage,16.75
858,06-05-2022 22:50,Articulated_Truck_1,Drive,Pedal Sensor,29.49
859,06-05-2022 23:00,Articulated_Truck_1,Drive,Transmission Pressure,1245.15
860,06-05-2022 23:10,Dozer_1,Engine,Oil Pressure,38.84
861,06-05-2022 23:20,Backhoe_Loader_1,Fuel,Water in Fuel,2403.43
862,06-05-2022 23:30,Backhoe_Loader_1,Fuel,Fuel Pressure,184.96
863,06-05-2022 23:40,Excavator_1,Fuel,Fuel Pressure,111.0
864,06-05-2022 23:50,Dozer_1,Misc,Exhaust Gas Temparature,937.74
865,07-05-2022 00:00,Backhoe_Loader_1,Misc,System Voltage,87.58
866,07-05-2022 00:10,Excavator_1,Engine,Speed,5641.27
867,07-05-2022 00:20,Articulated_Truck_1,Misc,Air Filter Pressure,2.5
868,07-05-2022 00:30,Backhoe_Loader_1,Drive,Pedal Sensor,9.34
869,07-05-2022 00:40,Articulated_Truck_1,Fuel,Fuel Pressure,194.24
870,07-05-2022 00:50,Dozer_1,Misc,System Voltage,53.15
871,07-05-2022 01:00,Backhoe_Loader_1,Drive,Brake Control,0.61
872,07-05-2022 01:10,Articulated_Truck_1,Fuel,Fuel Pressure,114.78
873,07-05-2022 01:20,Articulated_Truck_1,Fuel,Fuel Pressure,38.15
874,07-05-2022 01:30,Excavator_1,Fuel,Temparature,218.1
875,07-05-2022 01:40,Excavator_1,Fuel,Temparature,442.79
876,07-05-2022 01:50,Dozer_1,Drive,Transmission Pressure,1896.02
877,07-05-2022 02:00,Backhoe_Loader_1,Drive,Transmission Pressure,799.31
878,07-05-2022 02:10,Dozer_1,Engine,Temparature,149.12
879,07-05-2022 02:20,Excavator_1,Fuel,Temparature,82.76
880,07-05-2022 02:30,Articulated_Truck_1,Fuel,Temparature,465.02
881,07-05-2022 02:40,Articulated_Truck_1,Engine,Temparature,585.5
882,07-05-2022 02:50,Articulated_Truck_1,Fuel,Fuel Level,4.6
883,07-05-2022 03:00,Backhoe_Loader_1,Misc,Hydraulic Pump Rate,360.85
884,07-05-2022 03:10,Articulated_Truck_1,Fuel,Temparature,562.95
885,07-05-2022 03:20,Excavator_1,Engine,Oil Pressure,100.02
886,07-05-2022 03:30,Excavator_1,Engine,Oil Pressure,77.42
887,07-05-2022 03:40,Backhoe_Loader_1,Drive,Brake Control,2.02
888,07-05-2022 03:50,Dozer_1,Fuel,Fuel Pressure,171.19
889,07-05-2022 04:00,Excavator_1,Engine,Temparature,407.21
890,07-05-2022 04:10,Articulated_Truck_1,Fuel,Fuel Pressure,48.96
891,07-05-2022 04:20,Articulated_Truck_1,Engine,Speed,2704.66
892,07-05-2022 04:30,Backhoe_Loader_1,Engine,Temparature,368.74
893,07-05-2022 04:40,Dozer_1,Drive,Transmission Pressure,435.32
894,07-05-2022 04:50,Dozer_1,Fuel,Temparature,456.13
895,07-05-2022 05:00,Excavator_1,Fuel,Fuel Pressure,156.72
896,07-05-2022 05:10,Dozer_1,Misc,Exhaust Gas Temparature,1387.65
897,07-05-2022 05:20,Dozer_1,Engine,Oil Pressure,32.36
898,07-05-2022 05:30,Excavator_1,Engine,Temparature,28.44
899,07-05-2022 05:40,Articulated_Truck_1,Engine,Speed,3127.03
900,07-05-2022 05:50,Articulated_Truck_1,Misc,Hydraulic Pump Rate,301.26
901,07-05-2022 06:00,Articulated_Truck_1,Engine,Oil Pressure,138.21
902,07-05-2022 06:10,Dozer_1,Fuel,Temparature,574.12
903,07-05-2022 06:20,Backhoe_Loader_1,Misc,Air Filter Pressure,29.76
904,07-05-2022 06:30,Articulated_Truck_1,Fuel,Fuel Pressure,101.61
905,07-05-2022 06:40,Articulated_Truck_1,Misc,Hydraulic Pump Rate,333.32
906,07-05-2022 06:50,Backhoe_Loader_1,Misc,Hydraulic Pump Rate,69.06
907,07-05-2022 07:00,Articulated_Truck_1,Misc,Exhaust Gas Temparature,1603.69
908,07-05-2022 07:10,Dozer_1,Drive,Transmission Pressure,1262.83
909,07-05-2022 07:20,Excavator_1,Misc,System Voltage,71.94
910,07-05-2022 07:30,Dozer_1,Engine,Speed,1290.89
911,07-05-2022 07:40,Excavator_1,Engine,Temparature,508.86
912,07-05-2022 07:50,Dozer_1,Drive,Brake Control,0.63
913,07-05-2022 08:00,Excavator_1,Misc,Hydraulic Pump Rate,108.4
914,07-05-2022 08:10,Excavator_1,Engine,Speed,817.45
915,07-05-2022 08:20,Dozer_1,Engine,Oil Pressure,10.73
916,07-05-2022 08:30,Excavator_1,Fuel,Fuel Level,2.61
917,07-05-2022 08:40,Dozer_1,Drive,Brake Control,3.09
918,07-05-2022 08:50,Articulated_Truck_1,Fuel,Water in Fuel,845.94
919,07-05-2022 09:00,Excavator_1,Misc,Exhaust Gas Temparature,371.89
920,07-05-2022 09:10,Backhoe_Loader_1,Fuel,Fuel Pressure,30.13
921,07-05-2022 09:20,Articulated_Truck_1,Drive,Pedal Sensor,15.27
922,07-05-2022 09:30,Excavator_1,Fuel,Fuel Level,0.55
923,07-05-2022 09:40,Articulated_Truck_1,Drive,Transmission Pressure,1611.67
924,07-05-2022 09:50,Excavator_1,Drive,Pedal Sensor,28.14
925,07-05-2022 10:00,Backhoe_Loader_1,Fuel,Fuel Level,2.13
926,07-05-2022 10:10,Articulated_Truck_1,Drive,Transmission Pressure,1015.75
927,07-05-2022 10:20,Backhoe_Loader_1,Drive,Brake Control,2.7
928,07-05-2022 10:30,Articulated_Truck_1,Fuel,Fuel Level,3.19
929,07-05-2022 10:40,Articulated_Truck_1,Misc,Exhaust Gas Temparature,686.62
930,07-05-2022 10:50,Articulated_Truck_1,Fuel,Fuel Level,1.67
931,07-05-2022 11:00,Dozer_1,Fuel,Water in Fuel,1915.04
932,07-05-2022 11:10,Backhoe_Loader_1,Misc,Hydraulic Pump Rate,69.94
933,07-05-2022 11:20,Excavator_1,Engine,Oil Pressure,101.69
934,07-05-2022 11:30,Dozer_1,Drive,Transmission Pressure,1724.32
935,07-05-2022 11:40,Articulated_Truck_1,Fuel,Water in Fuel,5514.96
936,07-05-2022 11:50,Articulated_Truck_1,Misc,Air Filter Pressure,1.55
937,07-05-2022 12:00,Dozer_1,Fuel,Fuel Level,4.15
938,07-05-2022 12:10,Articulated_Truck_1,Misc,System Voltage,76.99
939,07-05-2022 12:20,Articulated_Truck_1,Drive,Brake Control,0.13
940,07-05-2022 12:30,Articulated_Truck_1,Engine,Temparature,753.42
941,07-05-2022 12:40,Dozer_1,Drive,Brake Control,3.2
942,07-05-2022 12:50,Dozer_1,Misc,System Voltage,74.38
943,07-05-2022 13:00,Excavator_1,Fuel,Temparature,685.98
944,07-05-2022 13:10,Dozer_1,Fuel,Temparature,259.97
945,07-05-2022 13:20,Articulated_Truck_1,Engine,Speed,4305.76
946,07-05-2022 13:30,Articulated_Truck_1,Misc,Hydraulic Pump Rate,214.86
947,07-05-2022 13:40,Backhoe_Loader_1,Engine,Temparature,518.45
948,07-05-2022 13:50,Excavator_1,Engine,Speed,5418.1
949,07-05-2022 14:00,Excavator_1,Engine,Oil Pressure,118.46
950,07-05-2022 14:10,Dozer_1,Fuel,Temparature,465.48
951,07-05-2022 14:20,Dozer_1,Misc,System Voltage,52.35
952,07-05-2022 14:30,Excavator_1,Fuel,Fuel Pressure,12.63
953,07-05-2022 14:40,Dozer_1,Fuel,Fuel Pressure,81.39
954,07-05-2022 14:50,Backhoe_Loader_1,Fuel,Temparature,356.82
955,07-05-2022 15:00,Excavator_1,Fuel,Water in Fuel,6434.09
956,07-05-2022 15:10,Backhoe_Loader_1,Engine,Oil Pressure,129.28
957,07-05-2022 15:20,Backhoe_Loader_1,Engine,Oil Pressure,7.5
958,07-05-2022 15:30,Articulated_Truck_1,Engine,Speed,2781.89
959,07-05-2022 15:40,Dozer_1,Misc,Air Filter Pressure,13.65
960,07-05-2022 15:50,Excavator_1,Engine,Temparature,665.71
961,07-05-2022 16:00,Articulated_Truck_1,Fuel,Temparature,410.54
962,07-05-2022 16:10,Articulated_Truck_1,Drive,Transmission Pressure,1248.32
963,07-05-2022 16:20,Articulated_Truck_1,Fuel,Fuel Level,4.15
964,07-05-2022 16:30,Backhoe_Loader_1,Engine,Temparature,509.2
965,07-05-2022 16:40,Backhoe_Loader_1,Misc,System Voltage,53.06
966,07-05-2022 16:50,Backhoe_Loader_1,Engine,Speed,1013.13
967,07-05-2022 17:00,Excavator_1,Drive,Brake Control,2.85
968,07-05-2022 17:10,Articulated_Truck_1,Drive,Transmission Pressure,1459.25
969,07-05-2022 17:20,Backhoe_Loader_1,Engine,Oil Pressure,35.36
970,07-05-2022 17:30,Dozer_1,Engine,Speed,6253.6
971,07-05-2022 17:40,Backhoe_Loader_1,Misc,System Voltage,21.35
972,07-05-2022 17:50,Articulated_Truck_1,Fuel,Fuel Level,2.39
973,07-05-2022 18:00,Dozer_1,Drive,Transmission Pressure,723.64
974,07-05-2022 18:10,Excavator_1,Drive,Transmission Pressure,1392.36
975,07-05-2022 18:20,Dozer_1,Engine,Temparature,536.81
976,07-05-2022 18:30,Excavator_1,Misc,Hydraulic Pump Rate,380.74
977,07-05-2022 18:40,Backhoe_Loader_1,Fuel,Water in Fuel,6336.68
978,07-05-2022 18:50,Articulated_Truck_1,Drive,Pedal Sensor,17.7
979,07-05-2022 19:00,Backhoe_Loader_1,Engine,Temparature,353.25
980,07-05-2022 19:10,Articulated_Truck_1,Engine,Speed,5998.43
981,07-05-2022 19:20,Dozer_1,Fuel,Fuel Pressure,61.08
982,07-05-2022 19:30,Articulated_Truck_1,Misc,Hydraulic Pump Rate,118.97
983,07-05-2022 19:40,Backhoe_Loader_1,Engine,Temparature,752.38
984,07-05-2022 19:50,Articulated_Truck_1,Fuel,Fuel Pressure,172.96
985,07-05-2022 20:00,Backhoe_Loader_1,Misc,Air Filter Pressure,8.03
986,07-05-2022 20:10,Excavator_1,Misc,System Voltage,14.12
987,07-05-2022 20:20,Backhoe_Loader_1,Fuel,Fuel Level,0.96
988,07-05-2022 20:30,Dozer_1,Misc,Hydraulic Pump Rate,255.25
989,07-05-2022 20:40,Backhoe_Loader_1,Misc,System Voltage,8.22
990,07-05-2022 20:50,Backhoe_Loader_1,Fuel,Fuel Pressure,135.24
991,07-05-2022 21:00,Dozer_1,Misc,Exhaust Gas Temparature,875.41
992,07-05-2022 21:10,Dozer_1,Misc,System Voltage,70.9
993,07-05-2022 21:20,Excavator_1,Engine,Temparature,409.9
994,07-05-2022 21:30,Articulated_Truck_1,Misc,System Voltage,86.96
995,07-05-2022 21:40,Excavator_1,Engine,Oil Pressure,81.71
996,07-05-2022 21:50,Articulated_Truck_1,Engine,Speed,1668.6
997,07-05-2022 22:00,Backhoe_Loader_1,Misc,Air Filter Pressure,21.55
998,07-05-2022 22:10,Articulated_Truck_1,Fuel,Fuel Pressure,80.84
999,07-05-2022 22:20,Excavator_1,Engine,Temparature,470.94
1000,07-05-2022 22:30,Articulated_Truck_1,Engine,Temparature,551.79
